Workbook

Sheet README
A1: Project Title | B1: Predictive Staffing & Burnout Risk Model
A2: Author | B2: Mark Chunga
A3: Credentials | B3: MBA (Finance), MSc (IS & Business Analytics)
A4: Organization | B4: Interior Health Authority — Portfolio Project
A5: Version | B5: 1
A6: Date | B6: June 2026
A7: Bus. Intelligence Tool | B7: Tableau Public
A9: Purpose
B10: This model predicts: optimal staffing levels, burnout risk scores, and cost estimates for Interior Health unit types using patient volume, seasonal illness patterns, staff sick call rates, shift length, and unit acuity.
A12: TAB GUIDE
B13: INPUTS - All adjustable assumptions — change values here only
B14: UNIT_PARAMS - Unit type reference table — do not edit
B15: BURNOUT_INDEX - Weighted burnout scoring model
B16: DEMAND_FORECAST - 12-month staffing and volume forecast
B17: COST_OPT - Daily and monthly cost optimization
B18: SENSITIVITY - How burnout score changes across input ranges
B19: DASHBOARD - Print-ready summary output
A21: DATA SOURCES
B22: CIHI Health Workforce Data 2024
B23: BC Ministry of Health Annual Service Plan 2024/25
B24: Maslach Burnout Inventory Framework
B25: Interior Health Annual Report
B26: BCNU Collective Agreement
A28: DISCLAIMER
B29: This model is developed solely for portfolio and demonstration purposes
B30: All numerical values including patient volumes, staffing ratios, cost rates, seasonal indices, and burnout scores are estimates based on publicly available benchmarks
B31: Sources include CIHI 2024 Health Workforce Data, BC Ministry of Health Annual Service Plan 2024/25, and Maslach Burnout Inventory academic framework
B32: This model does not represent actual Interior Health Authority data, operations, or policy
B33: Results should not be used for clinical or operational decision making without validation against real IH data
B34: Parameter values are estimates calibrated to published Canadian healthcare benchmarks and are intended to demonstrate analytical methodology rather than reflect actual operational data.
A37: © Mark Chunga 2026 | MBA (Finance), MSc (IS & Business Analytics) | DEMONSTRATION MODEL ONLY — Estimates based on CIHI 2024 and BC Ministry of Health benchmarks | Not actual Interior Health Authority data

Sheet INPUTS
A1: INPUTS — Model Assumptions (Change values in Column C only)
A2: ⚠ NOTE: All data used in this model are estimates for demonstration purposes only. Values are based on published CIHI benchmarks, BC Ministry of Health reports, and general healthcare industry standards. This model is intended as a portfolio analytical framework and does not represent actual Interior Health Authority operational data.
A3: UNIT SELECTION
A4: Unit Type | B4: ED / ICU / MED / PSYCH / PEDS | C4: ED
A6: PATIENT VOLUME
A7: Daily Average Patients | B7: Number of patients per day | C7: 68
A8: Seasonal Illness Index | B8: Scale 1-10 (1=Low, 10=Peak) | C8: 6
A10: STAFFING INPUTS
A11: Staff Sick Call Rate | B11: Percentage calling in sick | C11: 0.09
A12: Shift Length (hours) | B12: Enter 8, 10, or 12 only | C12: 12
A13: Consecutive Shift Days | B13: Days worked in a row | C13: 4
A15: COST ASSUMPTIONS
A16: Hourly Wage Rate (CAD) | B16: Average hourly rate per staff | C16: 62
A17: Overtime Multiplier | B17: Overtime pay rate multiplier | C17: 1.5
A18: Working Days Per Month | B18: Standard working days in month | C18: 30
A20: MODEL SETTINGS
A21: Forecast Period (months) | B21: Number of months to forecast | C21: 12
A22: Burnout Alert Threshold | B22: Score above this triggers alert | C22: 0.7
A25: © Mark Chunga 2026 | MBA (Finance), MSc (IS & Business Analytics) | DEMONSTRATION MODEL ONLY — Estimates based on CIHI 2024 and BC Ministry of Health benchmarks | Not actual Interior Health Authority data

Sheet UNIT_PARAMS
A1: UNIT PARAMETERS — Reference Table (Do Not Edit)
A2: ⚠ NOTE: All data used in this model are estimates for demonstration purposes only. Values are based on published CIHI benchmarks, BC Ministry of Health reports, and general healthcare industry standards. This model is intended as a portfolio analytical framework and does not represent actual Interior Health Authority operational data.
A3: Unit Code | B3: Unit Name | C3: Base Staff (FTE) | D3: Acuity Weight | E3: Min Patient Ratio | F3: Hourly Cost (CAD) | G3: Max Consec Days | H3: Burnout Base Score
A4: ED | B4: Emergency Dept | C4: 22 | D4: 1.35 | E4: 3.5 | F4: 57.37 | G4: 4 | H4: 0.72
A5: ICU | B5: Intensive Care | C5: 16 | D5: 1.6 | E5: 2 | F5: 59.5 | G5: 3 | H5: 0.78
A6: MED | B6: Medical / Surgical | C6: 18 | D6: 1.1 | E6: 5 | F6: 49.38 | G6: 5 | H6: 0.55
A7: PSYCH | B7: Psychiatric | C7: 14 | D7: 1.25 | E7: 4 | F7: 54.79 | G7: 4 | H7: 0.68
A8: PEDS | B8: Pediatrics | C8: 12 | D8: 1.2 | E8: 4.5 | F8: 54.79 | G8: 4 | H8: 0.51
A10: COLUMN DEFINITIONS
A11: Unit Code | B11: Short code used in INPUTS tab dropdown
A12: Unit Name | B12: Full descriptive name of the unit
A13: Base Staff (FTE) | B13: Baseline full time equivalent staff count
A14: Acuity Weight | B14: Patient complexity multiplier — higher means more staff needed per patient
A15: Min Patient Ratio | B15: Minimum patients per nurse — lower means more nurses needed
A16: Hourly Cost (CAD) | B16: Average hourly labour cost per staff member in Canadian dollars
A17: Max Consec Days | B17: Maximum recommended consecutive shift days before burnout risk rises sharply
A18: Burnout Base Score | B18: Unit-specific baseline burnout vulnerability based on CIHI and Maslach framework
A21: © Mark Chunga 2026 | MBA (Finance), MSc (IS & Business Analytics) | DEMONSTRATION MODEL ONLY — Estimates based on CIHI 2024 and BC Ministry of Health benchmarks | Not actual Interior Health Authority data

Sheet BURNOUT_INDEX
A1: BURNOUT INDEX — Weighted Scoring Model
A2: ⚠ NOTE: All data used in this model are estimates for demonstration purposes only. Values are based on published CIHI benchmarks, BC Ministry of Health reports, and general healthcare industry standards. This model is intended as a portfolio analytical framework and does not represent actual Interior Health Authority operational data.
A3: LIVE INPUTS (Auto-pulled from INPUTS tab)
A4: Unit Selected | C4: =INPUTS!C4 -> ED
A5: Daily Patient Volume | C5: =INPUTS!C7 -> 68
A6: Seasonal Illness Index | C6: =INPUTS!C8 -> 6
A7: Sick Call Rate | C7: =INPUTS!C11 -> 0.09
A8: Shift Length (hours) | C8: =INPUTS!C12 -> 12
A9: Consecutive Shift Days | C9: =INPUTS!C13 -> 4
A10: Acuity Weight | C10: =VLOOKUP(C4,UNIT_PARAMS!A4:H8,4,0) -> 1.35
A12: BURNOUT SCORE COMPONENTS
A13: Component | B13: Weight | C13: Raw Score | D13: Weighted Score
A14: Patient Volume Load | B14: 0.3 | C14: =C5/120 -> 0.56666667 | D14: =B14*C14 -> 0.17
A15: Seasonal Illness Pressure | B15: 0.2 | C15: =C6/10 -> 0.6 | D15: =B15*C15 -> 0.12
A16: Sick Call Burden | B16: 0.2 | C16: =C7/0.25 -> 0.36 | D16: =B16*C16 -> 0.072
A17: Shift Length Impact | B17: 0.15 | C17: =IF(C8=12,1,IF(C8=10,0.65,0.4)) -> 1 | D17: =B17*C17 -> 0.15
A18: Consecutive Days Risk | B18: 0.15 | C18: =C9/7 -> 0.57142857 | D18: =B18*C18 -> 0.085714286
A19: TOTAL WEIGHT | B19: =SUM(B14:B18) -> 1
A21: FINAL BURNOUT SCORE
A22: Raw Burnout Score | C22: =SUM(D14:D18) -> 0.59771429
A23: Acuity Adjustment | C23: =C22*(C10-1)*0.25 -> 0.0523
A24: Final Burnout Score | C24: =MIN(C22+C23,0.99) -> 0.65001429
A25: Risk Level | C25: =IF(C24>=0.7,"HIGH RISK",IF(C24>=0.45,"MODERATE","LOW RISK")) -> MODERATE
A28: © Mark Chunga 2026 | MBA (Finance), MSc (IS & Business Analytics) | DEMONSTRATION MODEL ONLY — Estimates based on CIHI 2024 and BC Ministry of Health benchmarks | Not actual Interior Health Authority data

Sheet DEMAND_FORECAST
A1: DEMAND FORECAST — 12-Month Staffing & Volume Projection
A2: ⚠ NOTE: All data used in this model are estimates for demonstration purposes only. Values are based on published CIHI benchmarks, BC Ministry of Health reports, and general healthcare industry standards. This model is intended as a portfolio analytical framework and does not represent actual Interior Health Authority operational data.
A3: FORECAST ASSUMPTIONS (Auto-pulled from INPUTS)
A4: Base Daily Patient Volume | C4: =INPUTS!C7 -> 68
A5: Seasonal Illness Index | C5: =INPUTS!C8 -> 6
A6: Sick Call Rate | C6: =INPUTS!C11 -> 0.09
A7: Min Patient Ratio | C7: =VLOOKUP(INPUTS!C4,UNIT_PARAMS!A4:H8,5,0) -> 3.5
A9: 12-MONTH FORECAST TABLE
A10: Month | B10: Seasonal Index | C10: Projected Volume | D10: Acuity Adjusted Volume | E10: Optimal Staff (FTE) | F10: Sick Call Buffer | G10: Total Staff Needed | H10: Burnout Flag
A11: January | B11: 0.85 | C11: =ROUND($C$4*B11*(1+$C$5*0.02),0) -> 65 | D11: =ROUND(C11*VLOOKUP(INPUTS!$C$4,UNIT_PARAMS!$A$4:$H$8,4,0),0) -> 88 | E11: =ROUND(D11/$C$7,0) -> 25 | F11: =ROUND(E11*$C$6,0) -> 2 | G11: =E11+F11 -> 27 | H11: =IF(G11>VLOOKUP(INPUTS!$C$4,UNIT_PARAMS!$A$4:$H$8,3,0)*1.3,"⚠ SURGE","OK") -> OK
A12: February | B12: 0.9 | C12: =ROUND($C$4*B12*(1+$C$5*0.02),0) -> 69 | D12: =ROUND(C12*VLOOKUP(INPUTS!$C$4,UNIT_PARAMS!$A$4:$H$8,4,0),0) -> 93 | E12: =ROUND(D12/$C$7,0) -> 27 | F12: =ROUND(E12*$C$6,0) -> 2 | G12: =E12+F12 -> 29 | H12: =IF(G12>VLOOKUP(INPUTS!$C$4,UNIT_PARAMS!$A$4:$H$8,3,0)*1.3,"⚠ SURGE","OK") -> ⚠ SURGE
A13: March | B13: 0.8 | C13: =ROUND($C$4*B13*(1+$C$5*0.02),0) -> 61 | D13: =ROUND(C13*VLOOKUP(INPUTS!$C$4,UNIT_PARAMS!$A$4:$H$8,4,0),0) -> 82 | E13: =ROUND(D13/$C$7,0) -> 23 | F13: =ROUND(E13*$C$6,0) -> 2 | G13: =E13+F13 -> 25 | H13: =IF(G13>VLOOKUP(INPUTS!$C$4,UNIT_PARAMS!$A$4:$H$8,3,0)*1.3,"⚠ SURGE","OK") -> OK
A14: April | B14: 0.75 | C14: =ROUND($C$4*B14*(1+$C$5*0.02),0) -> 57 | D14: =ROUND(C14*VLOOKUP(INPUTS!$C$4,UNIT_PARAMS!$A$4:$H$8,4,0),0) -> 77 | E14: =ROUND(D14/$C$7,0) -> 22 | F14: =ROUND(E14*$C$6,0) -> 2 | G14: =E14+F14 -> 24 | H14: =IF(G14>VLOOKUP(INPUTS!$C$4,UNIT_PARAMS!$A$4:$H$8,3,0)*1.3,"⚠ SURGE","OK") -> OK
A15: May | B15: 0.78 | C15: =ROUND($C$4*B15*(1+$C$5*0.02),0) -> 59 | D15: =ROUND(C15*VLOOKUP(INPUTS!$C$4,UNIT_PARAMS!$A$4:$H$8,4,0),0) -> 80 | E15: =ROUND(D15/$C$7,0) -> 23 | F15: =ROUND(E15*$C$6,0) -> 2 | G15: =E15+F15 -> 25 | H15: =IF(G15>VLOOKUP(INPUTS!$C$4,UNIT_PARAMS!$A$4:$H$8,3,0)*1.3,"⚠ SURGE","OK") -> OK
A16: June | B16: 0.88 | C16: =ROUND($C$4*B16*(1+$C$5*0.02),0) -> 67 | D16: =ROUND(C16*VLOOKUP(INPUTS!$C$4,UNIT_PARAMS!$A$4:$H$8,4,0),0) -> 90 | E16: =ROUND(D16/$C$7,0) -> 26 | F16: =ROUND(E16*$C$6,0) -> 2 | G16: =E16+F16 -> 28 | H16: =IF(G16>VLOOKUP(INPUTS!$C$4,UNIT_PARAMS!$A$4:$H$8,3,0)*1.3,"⚠ SURGE","OK") -> OK
A17: July | B17: 1 | C17: =ROUND($C$4*B17*(1+$C$5*0.02),0) -> 76 | D17: =ROUND(C17*VLOOKUP(INPUTS!$C$4,UNIT_PARAMS!$A$4:$H$8,4,0),0) -> 103 | E17: =ROUND(D17/$C$7,0) -> 29 | F17: =ROUND(E17*$C$6,0) -> 3 | G17: =E17+F17 -> 32 | H17: =IF(G17>VLOOKUP(INPUTS!$C$4,UNIT_PARAMS!$A$4:$H$8,3,0)*1.3,"⚠ SURGE","OK") -> ⚠ SURGE
A18: August | B18: 1.05 | C18: =ROUND($C$4*B18*(1+$C$5*0.02),0) -> 80 | D18: =ROUND(C18*VLOOKUP(INPUTS!$C$4,UNIT_PARAMS!$A$4:$H$8,4,0),0) -> 108 | E18: =ROUND(D18/$C$7,0) -> 31 | F18: =ROUND(E18*$C$6,0) -> 3 | G18: =E18+F18 -> 34 | H18: =IF(G18>VLOOKUP(INPUTS!$C$4,UNIT_PARAMS!$A$4:$H$8,3,0)*1.3,"⚠ SURGE","OK") -> ⚠ SURGE
A19: September | B19: 0.82 | C19: =ROUND($C$4*B19*(1+$C$5*0.02),0) -> 62 | D19: =ROUND(C19*VLOOKUP(INPUTS!$C$4,UNIT_PARAMS!$A$4:$H$8,4,0),0) -> 84 | E19: =ROUND(D19/$C$7,0) -> 24 | F19: =ROUND(E19*$C$6,0) -> 2 | G19: =E19+F19 -> 26 | H19: =IF(G19>VLOOKUP(INPUTS!$C$4,UNIT_PARAMS!$A$4:$H$8,3,0)*1.3,"⚠ SURGE","OK") -> OK
A20: October | B20: 0.8 | C20: =ROUND($C$4*B20*(1+$C$5*0.02),0) -> 61 | D20: =ROUND(C20*VLOOKUP(INPUTS!$C$4,UNIT_PARAMS!$A$4:$H$8,4,0),0) -> 82 | E20: =ROUND(D20/$C$7,0) -> 23 | F20: =ROUND(E20*$C$6,0) -> 2 | G20: =E20+F20 -> 25 | H20: =IF(G20>VLOOKUP(INPUTS!$C$4,UNIT_PARAMS!$A$4:$H$8,3,0)*1.3,"⚠ SURGE","OK") -> OK
A21: November | B21: 0.92 | C21: =ROUND($C$4*B21*(1+$C$5*0.02),0) -> 70 | D21: =ROUND(C21*VLOOKUP(INPUTS!$C$4,UNIT_PARAMS!$A$4:$H$8,4,0),0) -> 95 | E21: =ROUND(D21/$C$7,0) -> 27 | F21: =ROUND(E21*$C$6,0) -> 2 | G21: =E21+F21 -> 29 | H21: =IF(G21>VLOOKUP(INPUTS!$C$4,UNIT_PARAMS!$A$4:$H$8,3,0)*1.3,"⚠ SURGE","OK") -> ⚠ SURGE
A22: December | B22: 1.1 | C22: =ROUND($C$4*B22*(1+$C$5*0.02),0) -> 84 | D22: =ROUND(C22*VLOOKUP(INPUTS!$C$4,UNIT_PARAMS!$A$4:$H$8,4,0),0) -> 113 | E22: =ROUND(D22/$C$7,0) -> 32 | F22: =ROUND(E22*$C$6,0) -> 3 | G22: =E22+F22 -> 35 | H22: =IF(G22>VLOOKUP(INPUTS!$C$4,UNIT_PARAMS!$A$4:$H$8,3,0)*1.3,"⚠ SURGE","OK") -> ⚠ SURGE
A23: ANNUAL TOTALS | C23: =SUM(C11:C22) -> 811 | D23: =SUM(D11:D22) -> 1095 | E23: =ROUND(AVERAGE(E11:E22),0) -> 26 | F23: =SUM(F11:F22) -> 27 | G23: =ROUND(AVERAGE(G11:G22),0) -> 28
A26: © Mark Chunga 2026 | MBA (Finance), MSc (IS & Business Analytics) | DEMONSTRATION MODEL ONLY — Estimates based on CIHI 2024 and BC Ministry of Health benchmarks | Not actual Interior Health Authority data

Sheet COST_OPT
A1: COST OPTIMIZATION — Daily & Monthly Labour Cost Analysis
A2: ⚠ NOTE: All data used in this model are estimates for demonstration purposes only. Values are based on published CIHI benchmarks, BC Ministry of Health reports, and general healthcare industry standards. This model is intended as a portfolio analytical framework and does not represent actual Interior Health Authority operational data.
A4: COST INPUTS (Auto-pulled from INPUTS & UNIT_PARAMS)
A5: Unit Selected | C5: =INPUTS!C4 -> ED
A6: Unit Hourly Rate (CAD) | C6: =VLOOKUP(INPUTS!C4,UNIT_PARAMS!A4:H8,6,0) -> 57.37
A7: Overtime Multiplier | C7: =INPUTS!C17 -> 1.5
A8: Working Days Per Month | C8: =INPUTS!C18 -> 30
A9: Shift Length (hours) | C9: =INPUTS!C12 -> 12
A10: Sick Call Rate | C10: =INPUTS!C11 -> 0.09
A11: Base Staff FTE | C11: =VLOOKUP(INPUTS!C4,UNIT_PARAMS!A4:H8,3,0) -> 22
A13: DAILY COST MODEL
A14: Cost Component | B14: Formula Basis | C14: Staff Count | D14: Hours | E14: Rate (CAD) | F14: Daily Cost
A15: Regular Staff Cost | B15: Base staff × shift hours × wage | C15: =C11 -> 22 | D15: =INPUTS!C12 -> 12 | E15: =$C$6 -> 57.37 | F15: =C15*D15*E15 -> 15145.68
A16: Sick Call Coverage Cost | B16: Sick buffer × shift hours × wage | C16: =ROUND(C11*INPUTS!C11,0) -> 2 | D16: =INPUTS!C12 -> 12 | E16: =$C$6 -> 57.37 | F16: =C16*D16*E16 -> 1376.88
A17: Overtime Premium Cost | B17: Sick buffer × OT multiplier adjustment | C17: =C16 -> 2 | D17: =INPUTS!C12 -> 12 | E17: =$C$6*($C$7-1) -> 28.685 | F17: =C17*D17*E17 -> 688.44
A19: TOTAL DAILY COST | F19: =SUM(F15:F17) -> 17211
A20: COST PER PATIENT | F20: =F19/INPUTS!C7 -> 253.10294
A22: MONTHLY COST PROJECTION
A23: Month | B23: Seasonal Index | C23: Total Staff Needed | D23: Daily Cost | E23: Working Days | F23: Monthly Cost
A24: January | B24: =DEMAND_FORECAST!B11 -> 0.85 | C24: =DEMAND_FORECAST!G11 -> 27 | D24: =C24*$C$9*$C$6 -> 18587.88 | E24: =INPUTS!$C$18 -> 30 | F24: =D24*E24 -> 557636.4
A25: February | B25: =DEMAND_FORECAST!B12 -> 0.9 | C25: =DEMAND_FORECAST!G12 -> 29 | D25: =C25*$C$9*$C$6 -> 19964.76 | E25: =INPUTS!$C$18 -> 30 | F25: =D25*E25 -> 598942.8
A26: March | B26: =DEMAND_FORECAST!B13 -> 0.8 | C26: =DEMAND_FORECAST!G13 -> 25 | D26: =C26*$C$9*$C$6 -> 17211 | E26: =INPUTS!$C$18 -> 30 | F26: =D26*E26 -> 516330
A27: April | B27: =DEMAND_FORECAST!B14 -> 0.75 | C27: =DEMAND_FORECAST!G14 -> 24 | D27: =C27*$C$9*$C$6 -> 16522.56 | E27: =INPUTS!$C$18 -> 30 | F27: =D27*E27 -> 495676.8
A28: May | B28: =DEMAND_FORECAST!B15 -> 0.78 | C28: =DEMAND_FORECAST!G15 -> 25 | D28: =C28*$C$9*$C$6 -> 17211 | E28: =INPUTS!$C$18 -> 30 | F28: =D28*E28 -> 516330
A29: June | B29: =DEMAND_FORECAST!B16 -> 0.88 | C29: =DEMAND_FORECAST!G16 -> 28 | D29: =C29*$C$9*$C$6 -> 19276.32 | E29: =INPUTS!$C$18 -> 30 | F29: =D29*E29 -> 578289.6
A30: July | B30: =DEMAND_FORECAST!B17 -> 1 | C30: =DEMAND_FORECAST!G17 -> 32 | D30: =C30*$C$9*$C$6 -> 22030.08 | E30: =INPUTS!$C$18 -> 30 | F30: =D30*E30 -> 660902.4
A31: August | B31: =DEMAND_FORECAST!B18 -> 1.05 | C31: =DEMAND_FORECAST!G18 -> 34 | D31: =C31*$C$9*$C$6 -> 23406.96 | E31: =INPUTS!$C$18 -> 30 | F31: =D31*E31 -> 702208.8
A32: September | B32: =DEMAND_FORECAST!B19 -> 0.82 | C32: =DEMAND_FORECAST!G19 -> 26 | D32: =C32*$C$9*$C$6 -> 17899.44 | E32: =INPUTS!$C$18 -> 30 | F32: =D32*E32 -> 536983.2
A33: October | B33: =DEMAND_FORECAST!B20 -> 0.8 | C33: =DEMAND_FORECAST!G20 -> 25 | D33: =C33*$C$9*$C$6 -> 17211 | E33: =INPUTS!$C$18 -> 30 | F33: =D33*E33 -> 516330
A34: November | B34: =DEMAND_FORECAST!B21 -> 0.92 | C34: =DEMAND_FORECAST!G21 -> 29 | D34: =C34*$C$9*$C$6 -> 19964.76 | E34: =INPUTS!$C$18 -> 30 | F34: =D34*E34 -> 598942.8
A35: December | B35: =DEMAND_FORECAST!B22 -> 1.1 | C35: =DEMAND_FORECAST!G22 -> 35 | D35: =C35*$C$9*$C$6 -> 24095.4 | E35: =INPUTS!$C$18 -> 30 | F35: =D35*E35 -> 722862
A36: ANNUAL TOTALS | C36: =ROUND(AVERAGE(C24:C35),0) -> 28 | D36: =ROUND(AVERAGE(D24:D35),0) -> 19448 | F36: =SUM(F24:F35) -> 7001434.8
A38: COST SUMMARY METRICS
A39: Total Annual Labour Cost | C39: =F36 -> 7001434.8
A40: Average Monthly Cost | C40: =F36/12 -> 583452.9
A41: Peak Month Cost | C41: =MAX(F24:F35) -> 722862
A42: Lowest Month Cost | C42: =MIN(F24:F35) -> 495676.8
A43: Cost Variance (Peak vs Low) | C43: =C41-C42 -> 227185.2
A45: © Mark Chunga 2026 | MBA (Finance), MSc (IS & Business Analytics) | DEMONSTRATION MODEL ONLY — Estimates based on CIHI 2024 and BC Ministry of Health benchmarks | Not actual Interior Health Authority data

Sheet SENSITIVITY
A1: SENSITIVITY ANALYSIS — Burnout Score Across Input Ranges
A2: ⚠ NOTE: All data used in this model are estimates for demonstration purposes only. Values are based on published CIHI benchmarks, BC Ministry of Health reports, and general healthcare industry standards. This model is intended as a portfolio analytical framework and does not represent actual Interior Health Authority operational data.
A4: WHAT IS SENSITIVITY ANALYSIS?
A5: This table shows how the Final Burnout Score changes as each input variable increases, while all other inputs remain fixed at baseline values from the INPUTS tab.
A7: SENSITIVITY TABLE 1 — Patient Volume vs Burnout Score
A8: Patient Volume | B8: Burnout Score | C8: Risk Level
A9: 20 | B9: =MIN((A9/120*0.3)+(INPUTS!$C$8/10*0.2)+(INPUTS!$C$11/25*0.2)+IF(INPUTS!$C$12=12,0.2,IF(INPUTS!$C$12=10,0.13,0.08))+(INPUTS!$C$13/7*0.15)+((VLOOKUP(INPUTS!$C$4,UNIT_PARAMS!$A$4:$H$8,4,0)-1)*0.25),0.99) -> 0.54393429 | C9: =IF(B9>=0.7,"HIGH RISK",IF(B9>=0.45,"MODERATE","LOW RISK")) -> MODERATE
A10: 30 | B10: =MIN((A10/120*0.3)+(INPUTS!$C$8/10*0.2)+(INPUTS!$C$11/25*0.2)+IF(INPUTS!$C$12=12,0.2,IF(INPUTS!$C$12=10,0.13,0.08))+(INPUTS!$C$13/7*0.15)+((VLOOKUP(INPUTS!$C$4,UNIT_PARAMS!$A$4:$H$8,4,0)-1)*0.25),0.99) -> 0.56893429 | C10: =IF(B10>=0.7,"HIGH RISK",IF(B10>=0.45,"MODERATE","LOW RISK")) -> MODERATE
A11: 40 | B11: =MIN((A11/120*0.3)+(INPUTS!$C$8/10*0.2)+(INPUTS!$C$11/25*0.2)+IF(INPUTS!$C$12=12,0.2,IF(INPUTS!$C$12=10,0.13,0.08))+(INPUTS!$C$13/7*0.15)+((VLOOKUP(INPUTS!$C$4,UNIT_PARAMS!$A$4:$H$8,4,0)-1)*0.25),0.99) -> 0.59393429 | C11: =IF(B11>=0.7,"HIGH RISK",IF(B11>=0.45,"MODERATE","LOW RISK")) -> MODERATE
A12: 50 | B12: =MIN((A12/120*0.3)+(INPUTS!$C$8/10*0.2)+(INPUTS!$C$11/25*0.2)+IF(INPUTS!$C$12=12,0.2,IF(INPUTS!$C$12=10,0.13,0.08))+(INPUTS!$C$13/7*0.15)+((VLOOKUP(INPUTS!$C$4,UNIT_PARAMS!$A$4:$H$8,4,0)-1)*0.25),0.99) -> 0.61893429 | C12: =IF(B12>=0.7,"HIGH RISK",IF(B12>=0.45,"MODERATE","LOW RISK")) -> MODERATE
A13: 60 | B13: =MIN((A13/120*0.3)+(INPUTS!$C$8/10*0.2)+(INPUTS!$C$11/25*0.2)+IF(INPUTS!$C$12=12,0.2,IF(INPUTS!$C$12=10,0.13,0.08))+(INPUTS!$C$13/7*0.15)+((VLOOKUP(INPUTS!$C$4,UNIT_PARAMS!$A$4:$H$8,4,0)-1)*0.25),0.99) -> 0.64393429 | C13: =IF(B13>=0.7,"HIGH RISK",IF(B13>=0.45,"MODERATE","LOW RISK")) -> MODERATE
A14: 68 | B14: =MIN((A14/120*0.3)+(INPUTS!$C$8/10*0.2)+(INPUTS!$C$11/25*0.2)+IF(INPUTS!$C$12=12,0.2,IF(INPUTS!$C$12=10,0.13,0.08))+(INPUTS!$C$13/7*0.15)+((VLOOKUP(INPUTS!$C$4,UNIT_PARAMS!$A$4:$H$8,4,0)-1)*0.25),0.99) -> 0.66393429 | C14: =IF(B14>=0.7,"HIGH RISK",IF(B14>=0.45,"MODERATE","LOW RISK")) -> MODERATE
A15: 80 | B15: =MIN((A15/120*0.3)+(INPUTS!$C$8/10*0.2)+(INPUTS!$C$11/25*0.2)+IF(INPUTS!$C$12=12,0.2,IF(INPUTS!$C$12=10,0.13,0.08))+(INPUTS!$C$13/7*0.15)+((VLOOKUP(INPUTS!$C$4,UNIT_PARAMS!$A$4:$H$8,4,0)-1)*0.25),0.99) -> 0.69393429 | C15: =IF(B15>=0.7,"HIGH RISK",IF(B15>=0.45,"MODERATE","LOW RISK")) -> MODERATE
A16: 90 | B16: =MIN((A16/120*0.3)+(INPUTS!$C$8/10*0.2)+(INPUTS!$C$11/25*0.2)+IF(INPUTS!$C$12=12,0.2,IF(INPUTS!$C$12=10,0.13,0.08))+(INPUTS!$C$13/7*0.15)+((VLOOKUP(INPUTS!$C$4,UNIT_PARAMS!$A$4:$H$8,4,0)-1)*0.25),0.99) -> 0.71893429 | C16: =IF(B16>=0.7,"HIGH RISK",IF(B16>=0.45,"MODERATE","LOW RISK")) -> HIGH RISK
A17: 100 | B17: =MIN((A17/120*0.3)+(INPUTS!$C$8/10*0.2)+(INPUTS!$C$11/25*0.2)+IF(INPUTS!$C$12=12,0.2,IF(INPUTS!$C$12=10,0.13,0.08))+(INPUTS!$C$13/7*0.15)+((VLOOKUP(INPUTS!$C$4,UNIT_PARAMS!$A$4:$H$8,4,0)-1)*0.25),0.99) -> 0.74393429 | C17: =IF(B17>=0.7,"HIGH RISK",IF(B17>=0.45,"MODERATE","LOW RISK")) -> HIGH RISK
A18: 120 | B18: =MIN((A18/120*0.3)+(INPUTS!$C$8/10*0.2)+(INPUTS!$C$11/25*0.2)+IF(INPUTS!$C$12=12,0.2,IF(INPUTS!$C$12=10,0.13,0.08))+(INPUTS!$C$13/7*0.15)+((VLOOKUP(INPUTS!$C$4,UNIT_PARAMS!$A$4:$H$8,4,0)-1)*0.25),0.99) -> 0.79393429 | C18: =IF(B18>=0.7,"HIGH RISK",IF(B18>=0.45,"MODERATE","LOW RISK")) -> HIGH RISK
A20: SENSITIVITY TABLE 2 — Sick Call Rate vs Burnout Score
A21: Sick Call Rate | B21: Burnout Score | C21: Risk Level | D21: Coverage Gap (FTE)
A22: 0.02 | B22: =MIN((INPUTS!$C$7/120*0.3)+(INPUTS!$C$8/10*0.2)+($A22/25*0.2)+IF(INPUTS!$C$12=12,0.2,IF(INPUTS!$C$12=10,0.13,0.08))+(INPUTS!$C$13/7*0.15)+((VLOOKUP(INPUTS!$C$4,UNIT_PARAMS!$A$4:$H$8,4,0)-1)*0.25),0.99) -> 0.66337429 | C22: =IF(B22>=0.7,"HIGH RISK",IF(B22>=0.45,"MODERATE","LOW RISK")) -> MODERATE | D22: =ROUND(VLOOKUP(INPUTS!$C$4,UNIT_PARAMS!$A$4:$H$8,3,0)*$A22,0) -> 0
A23: 0.05 | B23: =MIN((INPUTS!$C$7/120*0.3)+(INPUTS!$C$8/10*0.2)+($A23/25*0.2)+IF(INPUTS!$C$12=12,0.2,IF(INPUTS!$C$12=10,0.13,0.08))+(INPUTS!$C$13/7*0.15)+((VLOOKUP(INPUTS!$C$4,UNIT_PARAMS!$A$4:$H$8,4,0)-1)*0.25),0.99) -> 0.66361429 | C23: =IF(B23>=0.7,"HIGH RISK",IF(B23>=0.45,"MODERATE","LOW RISK")) -> MODERATE | D23: =ROUND(VLOOKUP(INPUTS!$C$4,UNIT_PARAMS!$A$4:$H$8,3,0)*$A23,0) -> 1
A24: 0.08 | B24: =MIN((INPUTS!$C$7/120*0.3)+(INPUTS!$C$8/10*0.2)+($A24/25*0.2)+IF(INPUTS!$C$12=12,0.2,IF(INPUTS!$C$12=10,0.13,0.08))+(INPUTS!$C$13/7*0.15)+((VLOOKUP(INPUTS!$C$4,UNIT_PARAMS!$A$4:$H$8,4,0)-1)*0.25),0.99) -> 0.66385429 | C24: =IF(B24>=0.7,"HIGH RISK",IF(B24>=0.45,"MODERATE","LOW RISK")) -> MODERATE | D24: =ROUND(VLOOKUP(INPUTS!$C$4,UNIT_PARAMS!$A$4:$H$8,3,0)*$A24,0) -> 2
A25: 0.09 | B25: =MIN((INPUTS!$C$7/120*0.3)+(INPUTS!$C$8/10*0.2)+($A25/25*0.2)+IF(INPUTS!$C$12=12,0.2,IF(INPUTS!$C$12=10,0.13,0.08))+(INPUTS!$C$13/7*0.15)+((VLOOKUP(INPUTS!$C$4,UNIT_PARAMS!$A$4:$H$8,4,0)-1)*0.25),0.99) -> 0.66393429 | C25: =IF(B25>=0.7,"HIGH RISK",IF(B25>=0.45,"MODERATE","LOW RISK")) -> MODERATE | D25: =ROUND(VLOOKUP(INPUTS!$C$4,UNIT_PARAMS!$A$4:$H$8,3,0)*$A25,0) -> 2
A26: 0.12 | B26: =MIN((INPUTS!$C$7/120*0.3)+(INPUTS!$C$8/10*0.2)+($A26/25*0.2)+IF(INPUTS!$C$12=12,0.2,IF(INPUTS!$C$12=10,0.13,0.08))+(INPUTS!$C$13/7*0.15)+((VLOOKUP(INPUTS!$C$4,UNIT_PARAMS!$A$4:$H$8,4,0)-1)*0.25),0.99) -> 0.66417429 | C26: =IF(B26>=0.7,"HIGH RISK",IF(B26>=0.45,"MODERATE","LOW RISK")) -> MODERATE | D26: =ROUND(VLOOKUP(INPUTS!$C$4,UNIT_PARAMS!$A$4:$H$8,3,0)*$A26,0) -> 3
A27: 0.15 | B27: =MIN((INPUTS!$C$7/120*0.3)+(INPUTS!$C$8/10*0.2)+($A27/25*0.2)+IF(INPUTS!$C$12=12,0.2,IF(INPUTS!$C$12=10,0.13,0.08))+(INPUTS!$C$13/7*0.15)+((VLOOKUP(INPUTS!$C$4,UNIT_PARAMS!$A$4:$H$8,4,0)-1)*0.25),0.99) -> 0.66441429 | C27: =IF(B27>=0.7,"HIGH RISK",IF(B27>=0.45,"MODERATE","LOW RISK")) -> MODERATE | D27: =ROUND(VLOOKUP(INPUTS!$C$4,UNIT_PARAMS!$A$4:$H$8,3,0)*$A27,0) -> 3
A28: 0.18 | B28: =MIN((INPUTS!$C$7/120*0.3)+(INPUTS!$C$8/10*0.2)+($A28/25*0.2)+IF(INPUTS!$C$12=12,0.2,IF(INPUTS!$C$12=10,0.13,0.08))+(INPUTS!$C$13/7*0.15)+((VLOOKUP(INPUTS!$C$4,UNIT_PARAMS!$A$4:$H$8,4,0)-1)*0.25),0.99) -> 0.66465429 | C28: =IF(B28>=0.7,"HIGH RISK",IF(B28>=0.45,"MODERATE","LOW RISK")) -> MODERATE | D28: =ROUND(VLOOKUP(INPUTS!$C$4,UNIT_PARAMS!$A$4:$H$8,3,0)*$A28,0) -> 4
A29: 0.2 | B29: =MIN((INPUTS!$C$7/120*0.3)+(INPUTS!$C$8/10*0.2)+($A29/25*0.2)+IF(INPUTS!$C$12=12,0.2,IF(INPUTS!$C$12=10,0.13,0.08))+(INPUTS!$C$13/7*0.15)+((VLOOKUP(INPUTS!$C$4,UNIT_PARAMS!$A$4:$H$8,4,0)-1)*0.25),0.99) -> 0.66481429 | C29: =IF(B29>=0.7,"HIGH RISK",IF(B29>=0.45,"MODERATE","LOW RISK")) -> MODERATE | D29: =ROUND(VLOOKUP(INPUTS!$C$4,UNIT_PARAMS!$A$4:$H$8,3,0)*$A29,0) -> 4
A30: 0.22 | B30: =MIN((INPUTS!$C$7/120*0.3)+(INPUTS!$C$8/10*0.2)+($A30/25*0.2)+IF(INPUTS!$C$12=12,0.2,IF(INPUTS!$C$12=10,0.13,0.08))+(INPUTS!$C$13/7*0.15)+((VLOOKUP(INPUTS!$C$4,UNIT_PARAMS!$A$4:$H$8,4,0)-1)*0.25),0.99) -> 0.66497429 | C30: =IF(B30>=0.7,"HIGH RISK",IF(B30>=0.45,"MODERATE","LOW RISK")) -> MODERATE | D30: =ROUND(VLOOKUP(INPUTS!$C$4,UNIT_PARAMS!$A$4:$H$8,3,0)*$A30,0) -> 5
A31: 0.25 | B31: =MIN((INPUTS!$C$7/120*0.3)+(INPUTS!$C$8/10*0.2)+($A31/25*0.2)+IF(INPUTS!$C$12=12,0.2,IF(INPUTS!$C$12=10,0.13,0.08))+(INPUTS!$C$13/7*0.15)+((VLOOKUP(INPUTS!$C$4,UNIT_PARAMS!$A$4:$H$8,4,0)-1)*0.25),0.99) -> 0.66521429 | C31: =IF(B31>=0.7,"HIGH RISK",IF(B31>=0.45,"MODERATE","LOW RISK")) -> MODERATE | D31: =ROUND(VLOOKUP(INPUTS!$C$4,UNIT_PARAMS!$A$4:$H$8,3,0)*$A31,0) -> 6
A33: SENSITIVITY TABLE 3 — Shift Length vs Burnout Score
A34: Shift Length | B34: Burnout Score | C34: Risk Level | D34: Daily Cost Impact
A35: 8 hours | B35: =MIN((INPUTS!$C$7/120*0.3)+(INPUTS!$C$8/10*0.2)+(INPUTS!$C$11/25*0.2)+0.08+(INPUTS!$C$13/7*0.15)+((VLOOKUP(INPUTS!$C$4,UNIT_PARAMS!$A$4:$H$8,4,0)-1)*0.25),0.99) -> 0.54393429 | C35: =IF(B35>=0.7,"HIGH RISK",IF(B35>=0.45,"MODERATE","LOW RISK")) -> MODERATE | D35: =VLOOKUP(INPUTS!$C$4,UNIT_PARAMS!$A$4:$H$8,3,0)*8*VLOOKUP(INPUTS!$C$4,UNIT_PARAMS!$A$4:$H$8,6,0) -> 10097.12
A36: 10 hours | B36: =MIN((INPUTS!$C$7/120*0.3)+(INPUTS!$C$8/10*0.2)+(INPUTS!$C$11/25*0.2)+0.13+(INPUTS!$C$13/7*0.15)+((VLOOKUP(INPUTS!$C$4,UNIT_PARAMS!$A$4:$H$8,4,0)-1)*0.25),0.99) -> 0.59393429 | C36: =IF(B36>=0.7,"HIGH RISK",IF(B36>=0.45,"MODERATE","LOW RISK")) -> MODERATE | D36: =VLOOKUP(INPUTS!$C$4,UNIT_PARAMS!$A$4:$H$8,3,0)*10*VLOOKUP(INPUTS!$C$4,UNIT_PARAMS!$A$4:$H$8,6,0) -> 12621.4
A37: 12 hours | B37: =MIN((INPUTS!$C$7/120*0.3)+(INPUTS!$C$8/10*0.2)+(INPUTS!$C$11/25*0.2)+0.2+(INPUTS!$C$13/7*0.15)+((VLOOKUP(INPUTS!$C$4,UNIT_PARAMS!$A$4:$H$8,4,0)-1)*0.25),0.99) -> 0.66393429 | C37: =IF(B37>=0.7,"HIGH RISK",IF(B37>=0.45,"MODERATE","LOW RISK")) -> MODERATE | D37: =VLOOKUP(INPUTS!$C$4,UNIT_PARAMS!$A$4:$H$8,3,0)*12*VLOOKUP(INPUTS!$C$4,UNIT_PARAMS!$A$4:$H$8,6,0) -> 15145.68
A39: KEY FINDINGS FROM SENSITIVITY ANALYSIS
A40: 1. Patient volume is the strongest driver of burnout risk — a doubling of volume from 60 to 120 patients significantly elevates risk level
A41: 2. Sick call rates above 15% create critical coverage gaps requiring immediate float pool or agency staff intervention
A42: 3. Shifting from 12-hour to 8-hour shifts reduces burnout score meaningfully but increases scheduling complexity and daily cost
A43: 4. The ED unit shows highest sensitivity to volume changes due to its high acuity weight of 1.35
A44: 5. Combined high volume + high sick call rate + 12-hour shifts creates compounding burnout risk exceeding 0.85 threshold
A46: © Mark Chunga 2026 | MBA (Finance), MSc (IS & Business Analytics) | DEMONSTRATION MODEL ONLY — Estimates based on CIHI 2024 and BC Ministry of Health benchmarks | Not actual Interior Health Authority data

Sheet DASHBOARD
A1: INTERIOR HEALTH AUTHORITY
A2: Predictive Staffing & Burnout Risk Model — Executive Summary
A3: Prepared by: Mark Chunga | MBA (Finance), MSc (IS & Business Analytics) | June 2026
A5: CURRENT MODEL SNAPSHOT
A6: Unit | B6: Burnout Score | C6: Risk Level | D6: Optimal FTE | E6: Daily Cost | F6: Annual Cost | G6: Peak Month Cost | H6: Cost Variance
A7: =INPUTS!C4 -> ED | B7: =BURNOUT_INDEX!C24 -> 0.65001429 | C7: =BURNOUT_INDEX!C25 -> MODERATE | D7: =DEMAND_FORECAST!G23 -> 28 | E7: =COST_OPT!F19 -> 17211 | F7: =COST_OPT!C39 -> 7001434.8 | G7: =COST_OPT!C41 -> 722862 | H7: =COST_OPT!C43 -> 227185.2
A9: BURNOUT INDEX BREAKDOWN | E9: 12-MONTH COST SUMMARY
A10: Component | B10: Weight | C10: Raw Score | D10: Weighted | E10: Month | F10: Staff Needed | G10: Daily Cost | H10: Monthly Cost
A11: Patient Volume Load | B11: =BURNOUT_INDEX!B14 -> 0.3 | C11: =BURNOUT_INDEX!C14 -> 0.56666667 | D11: =BURNOUT_INDEX!D14 -> 0.17 | E11: January | F11: =COST_OPT!C24 -> 27 | G11: =COST_OPT!D24 -> 18587.88 | H11: =COST_OPT!F24 -> 557636.4
A12: Seasonal Pressure | B12: =BURNOUT_INDEX!B15 -> 0.2 | C12: =BURNOUT_INDEX!C15 -> 0.6 | D12: =BURNOUT_INDEX!D15 -> 0.12 | E12: February | F12: =COST_OPT!C25 -> 29 | G12: =COST_OPT!D25 -> 19964.76 | H12: =COST_OPT!F25 -> 598942.8
A13: Sick Call Burden | B13: =BURNOUT_INDEX!B16 -> 0.2 | C13: =BURNOUT_INDEX!C16 -> 0.36 | D13: =BURNOUT_INDEX!D16 -> 0.072 | E13: March | F13: =COST_OPT!C26 -> 25 | G13: =COST_OPT!D26 -> 17211 | H13: =COST_OPT!F26 -> 516330
A14: Shift Length Impact | B14: =BURNOUT_INDEX!B17 -> 0.15 | C14: =BURNOUT_INDEX!C17 -> 1 | D14: =BURNOUT_INDEX!D17 -> 0.15 | E14: April | F14: =COST_OPT!C27 -> 24 | G14: =COST_OPT!D27 -> 16522.56 | H14: =COST_OPT!F27 -> 495676.8
A15: Consecutive Days Risk | B15: =BURNOUT_INDEX!B18 -> 0.15 | C15: =BURNOUT_INDEX!C18 -> 0.57142857 | D15: =BURNOUT_INDEX!D18 -> 0.085714286 | E15: May | F15: =COST_OPT!C28 -> 25 | G15: =COST_OPT!D28 -> 17211 | H15: =COST_OPT!F28 -> 516330
A16: TOTAL | B16: =BURNOUT_INDEX!B19 -> 1 | D16: =SUM(D11:D15) -> 0.59771429 | E16: June | F16: =COST_OPT!C29 -> 28 | G16: =COST_OPT!D29 -> 19276.32 | H16: =COST_OPT!F29 -> 578289.6
E17: July | F17: =COST_OPT!C30 -> 32 | G17: =COST_OPT!D30 -> 22030.08 | H17: =COST_OPT!F30 -> 660902.4
E18: August | F18: =COST_OPT!C31 -> 34 | G18: =COST_OPT!D31 -> 23406.96 | H18: =COST_OPT!F31 -> 702208.8
E19: September | F19: =COST_OPT!C32 -> 26 | G19: =COST_OPT!D32 -> 17899.44 | H19: =COST_OPT!F32 -> 536983.2
E20: October | F20: =COST_OPT!C33 -> 25 | G20: =COST_OPT!D33 -> 17211 | H20: =COST_OPT!F33 -> 516330
E21: November | F21: =COST_OPT!C34 -> 29 | G21: =COST_OPT!D34 -> 19964.76 | H21: =COST_OPT!F34 -> 598942.8
E22: December | F22: =COST_OPT!C35 -> 35 | G22: =COST_OPT!D35 -> 24095.4 | H22: =COST_OPT!F35 -> 722862
E23: ANNUAL | F23: =ROUND(AVERAGE(F11:F22),0) -> 28 | G23: =ROUND(AVERAGE(G11:G22),0) -> 19448 | H23: =SUM(H11:H22) -> 7001434.8
A25: SURGE RISK CALENDAR
A26: Jan | B26: Feb | C26: Mar | D26: Apr | E26: May | F26: Jun | G26: Jul | H26: Aug
A27: =DEMAND_FORECAST!H11 -> OK | B27: =DEMAND_FORECAST!H12 -> ⚠ SURGE | C27: =DEMAND_FORECAST!H13 -> OK | D27: =DEMAND_FORECAST!H14 -> OK | E27: =DEMAND_FORECAST!H15 -> OK | F27: =DEMAND_FORECAST!H16 -> OK | G27: =DEMAND_FORECAST!H17 -> ⚠ SURGE | H27: =DEMAND_FORECAST!H18 -> ⚠ SURGE
A28: Sep | B28: Oct | C28: Nov | D28: Dec
A29: =DEMAND_FORECAST!H19 -> OK | B29: =DEMAND_FORECAST!H20 -> OK | C29: =DEMAND_FORECAST!H21 -> ⚠ SURGE | D29: =DEMAND_FORECAST!H22 -> ⚠ SURGE
A31: RECOMMENDATIONS
A32: =IF(BURNOUT_INDEX!C25="HIGH RISK","⚠ CRITICAL: "&INPUTS!C4&" unit requires immediate staffing intervention. Burnout score "&TEXT(BURNOUT_INDEX!C24,"0.00")&" exceeds 0.70 threshold. Recommend mandatory recovery days and overtime caps.",IF(BURNOUT_INDEX!C25="MODERATE","⚡ MONITOR: "&INPUTS!C4&" unit approaching elevated burnout risk at "&TEXT(BURNOUT_INDEX!C24,"0.00")&". Recommend proactive roster review and wellness check-ins.","✓ STABLE: "&INPUTS!C4&" unit burnout risk "&TEXT(BURNOUT_INDEX!C24,"0.00")&" is within acceptable range. Continue current scheduling model.")) -> ⚡ MONITOR: ED unit approaching elevated burnout risk at 0.65. Recommend proactive roster review and wellness check-ins.
A33: =IF(INPUTS!C11>=0.15,"⚠ Sick call rate "&TEXT(INPUTS!C11,"0%")&" is critically high. Immediate float pool deployment and attendance incentive review required.",IF(INPUTS!C11>=0.08,"⚡ Sick call rate "&TEXT(INPUTS!C11,"0%")&" exceeds IH 6% benchmark. Buffer staffing has been applied.","✓ Sick call rate "&TEXT(INPUTS!C11,"0%")&" is within acceptable range.")) -> ⚡ Sick call rate 9% exceeds IH 6% benchmark. Buffer staffing has been applied.
A34: =IF(INPUTS!C12=12,"⚡ 12-hour shifts increase burnout risk. Consider 8-hour rotation for high-acuity periods to reduce fatigue accumulation.","✓ Current shift length of "&INPUTS!C12&" hours is within recommended range.") -> ⚡ 12-hour shifts increase burnout risk. Consider 8-hour rotation for high-acuity periods to reduce fatigue accumulation.
A35: ="💰 Total annual labour cost estimate: "&TEXT(COST_OPT!C39,"$#,##0")&" with peak month variance of "&TEXT(COST_OPT!C43,"$#,##0")&". Seasonal surge staffing strategy recommended for July, August and December." -> 💰 Total annual labour cost estimate: $7,001,435 with peak month variance of $227,185. Seasonal surge staffing strategy recommended for July, August and December.
A36: 📊 Model sensitivity analysis indicates patient volume is the primary burnout driver. ED unit enters HIGH RISK territory above 90 daily patients — proactive surge protocols recommended.
A38: DEMONSTRATION MODEL ONLY — All values are estimates based on CIHI 2024 benchmarks and BC Ministry of Health data. Not actual Interior Health Authority operational data.
A39: © Mark Chunga 2026 | MBA (Finance), MSc (IS & Business Analytics) | DEMONSTRATION MODEL ONLY — Estimates based on CIHI 2024 and BC Ministry of Health benchmarks | Not actual Interior Health Authority data
